{
    "epoch": 3.0,
    "eval_loss": 0.00046862533781677485,
    "eval_runtime": 219.8976,
    "eval_samples_per_second": 2.729,
    "eval_steps_per_second": 0.682,
    "total_flos": 6.26456052891648e+17,
    "train_loss": 0.021000538600815667,
    "train_runtime": 11665.6656,
    "train_samples_per_second": 0.617,
    "train_steps_per_second": 0.039
}