{
    "epoch": 3.0,
    "total_flos": 6.26456052891648e+17,
    "train_loss": 0.020988055726306305,
    "train_runtime": 8149.4252,
    "train_samples_per_second": 0.883,
    "train_steps_per_second": 0.055
}